pagexml_file,page_id,line_id,x,y,w,h,gt_text,pred_trocr
era_rkm_vene_03_258-259.xml,era_rkm_vene_03_258-259,tr_2_tl_1,401,387,1079,145,"чулок вязать, кто хошь",чулек влать кто качиль
era_rkm_vene_03_258-259.xml,era_rkm_vene_03_258-259,tr_2_tl_2,405,487,1173,136,(сеть) вязти кто что. Се¬,(сеть) влягие кто что.
era_rkm_vene_03_258-259.xml,era_rkm_vene_03_258-259,tr_2_tl_3,416,580,1138,107,одна супряженка к сто-,ла одна супряжента к сто
era_rkm_vene_03_258-259.xml,era_rkm_vene_03_258-259,tr_2_tl_4,404,676,1108,121,лу вязть. Под столом,му вляжь. отод сталам
era_rkm_vene_03_258-259.xml,era_rkm_vene_03_258-259,tr_2_tl_5,404,793,1101,92,была в подпол большая,была б подпол дольшая
era_rkm_vene_03_258-259.xml,era_rkm_vene_03_258-259,tr_2_tl_6,416,861,1125,130,дырка и уронила верятено,дырна. м. уронила верятего
era_rkm_vene_03_258-259.xml,era_rkm_vene_03_258-259,tr_2_tl_7,401,955,1155,87,с прялки туды. Верятяно,о прямки туды. оРерятяно
era_rkm_vene_03_258-259.xml,era_rkm_vene_03_258-259,tr_2_tl_8,407,1031,1128,139,укатилося в подпол. кто,Прнотилося поджал. Нто
era_rkm_vene_03_258-259.xml,era_rkm_vene_03_258-259,tr_2_tl_9,410,1126,1169,140,полезет за верятяном. Было,гомечет за верятияном. Бнно
era_rkm_vene_03_258-259.xml,era_rkm_vene_03_258-259,tr_2_tl_10,407,1217,1126,102,там пять девушек. Все,там плогь девучиек.
era_rkm_vene_03_258-259.xml,era_rkm_vene_03_258-259,tr_2_tl_11,401,1305,1146,133,бояться лезть в подпол. Од-,болтня межи в подном. Од.
era_rkm_vene_03_258-259.xml,era_rkm_vene_03_258-259,tr_2_tl_12,401,1424,1113,93,на была отчаянная суп-,на Асли отчаянная гут-
era_rkm_vene_03_258-259.xml,era_rkm_vene_03_258-259,tr_2_tl_13,407,1505,1183,95,ряженка. Полезла так. Лег-,"ряженно, Памаля тая. Ли-"
era_rkm_vene_03_258-259.xml,era_rkm_vene_03_258-259,tr_2_tl_14,399,1581,1136,130,в подпол и ищет ве-,ма в подном и мщет ве
era_rkm_vene_03_258-259.xml,era_rkm_vene_03_258-259,tr_2_tl_15,399,1700,1130,95,"рятяно. Искала, искала","рятляно. Искака, менала"
era_rkm_vene_03_258-259.xml,era_rkm_vene_03_258-259,tr_2_tl_16,410,1778,1116,119,и кто-то схватил ее за,и кта-жо саватия не
era_rkm_vene_03_258-259.xml,era_rkm_vene_03_258-259,tr_2_tl_17,408,1851,1145,129,руки и сказал: “Стой кра-,руки м схам: стой кра-
era_rkm_vene_03_258-259.xml,era_rkm_vene_03_258-259,tr_2_tl_18,405,1979,1115,108,"савица, теперь ты моя"".","савща, жепры ты мая"
era_rkm_vene_03_258-259.xml,era_rkm_vene_03_258-259,tr_2_tl_19,416,2052,1108,119,Она с испугу спросила у,Она с истух строста
era_rkm_vene_03_258-259.xml,era_rkm_vene_03_258-259,tr_3_tl_1,1956,368,1139,162,"няво. ""Кто ты есть?"" “Я","нове, Кто жн исть? 2"
era_rkm_vene_03_258-259.xml,era_rkm_vene_03_258-259,tr_3_tl_2,1965,507,1149,93,"самый старый грех, я сижу","самьни старый грех, и шеску"
era_rkm_vene_03_258-259.xml,era_rkm_vene_03_258-259,tr_3_tl_3,1986,589,1106,120,тут сто лет заколдован-,жут сто мети закан зован-
era_rkm_vene_03_258-259.xml,era_rkm_vene_03_258-259,tr_3_tl_4,1962,668,1161,116,ныи и все дожидал этого дня.,дени и вы дожндан чтого дна.
era_rkm_vene_03_258-259.xml,era_rkm_vene_03_258-259,tr_3_tl_5,1959,758,1158,129,Пойдешь за мяня замуж,Пойземь За мания замужа
era_rkm_vene_03_258-259.xml,era_rkm_vene_03_258-259,tr_3_tl_6,1959,860,1176,117,"отпущу я тебя на волю, а","оттущу и теба на волно,"
era_rkm_vene_03_258-259.xml,era_rkm_vene_03_258-259,tr_3_tl_7,1953,945,1191,138,"не пойдешь голову срублю"". Ря-",Фа пойземь голову грубн.
era_rkm_vene_03_258-259.xml,era_rkm_vene_03_258-259,tr_3_tl_8,1968,1055,1151,85,шила девушка пойти за ня,лиша довусма жачи чаня.
era_rkm_vene_03_258-259.xml,era_rkm_vene_03_258-259,tr_3_tl_9,1962,1125,1166,116,го замуж. Утпустил он яну,го замупо. Отретий оп.
era_rkm_vene_03_258-259.xml,era_rkm_vene_03_258-259,tr_3_tl_10,1956,1217,1185,125,на волю. Супряженки все раз-,на волю. Супряжении ва ры-
era_rkm_vene_03_258-259.xml,era_rkm_vene_03_258-259,tr_3_tl_11,1959,1304,1163,131,бежались от страху. Приеха-,бежались отраху. Приега-
era_rkm_vene_03_258-259.xml,era_rkm_vene_03_258-259,tr_3_tl_12,1961,1392,1144,111,ли с гостей отец и мать.,пи с гостей отец и мать
era_rkm_vene_03_258-259.xml,era_rkm_vene_03_258-259,tr_3_tl_13,1980,1480,1155,137,Рассказала девушка это все,Расскачала девущка то вое
era_rkm_vene_03_258-259.xml,era_rkm_vene_03_258-259,tr_3_tl_14,1976,1573,1156,106,"отцу и матери, как это бы-","отцу м матеры, это Пы-"
era_rkm_vene_03_258-259.xml,era_rkm_vene_03_258-259,tr_3_tl_15,1965,1670,1119,91,ло. Отец с матерью не по-,ме. Отсу с матерно по-
era_rkm_vene_03_258-259.xml,era_rkm_vene_03_258-259,tr_3_tl_16,1986,1752,1170,119,верили. Прошло время не-,верими. Проило время не-
era_rkm_vene_03_258-259.xml,era_rkm_vene_03_258-259,tr_3_tl_17,1971,1843,1198,134,дели две. Приходит тот день,дели дбе. Приходный ты
era_rkm_vene_03_258-259.xml,era_rkm_vene_03_258-259,tr_3_tl_18,1980,1936,1119,126,6 который день убещался,в который день убелугля
era_rkm_vene_03_258-259.xml,era_rkm_vene_03_258-259,tr_3_tl_19,1962,2041,1139,127,грех приехать. Рассказала,"прок тримать, Расскака"
era_vene_02_606-607.xml,era_vene_02_606-607,tr_2_tl_1,547,434,1195,161,и приходит на другое утро к,м мрикадиет на дризгон прых
era_vene_02_606-607.xml,era_vene_02_606-607,tr_2_tl_2,557,538,1215,126,царю и говорит: «Дай мне по-,царны и иговрито. Дий мна по н
era_vene_02_606-607.xml,era_vene_02_606-607,tr_2_tl_3,547,616,1217,138,хмелиться. Царь и говорит: «А,плинитдия. Ирра и створит:
era_vene_02_606-607.xml,era_vene_02_606-607,tr_2_tl_4,556,710,1226,125,когда ты примишься за дело? Он,кода жи примива за дело. Он
era_vene_02_606-607.xml,era_vene_02_606-607,tr_2_tl_5,542,782,1232,150,"говорит: ""Скоро будет."" Царь дал",говориж: Спора воддит. Изарь дал
era_vene_02_606-607.xml,era_vene_02_606-607,tr_2_tl_6,561,874,1224,129,Он опять пришел на третье утро,Ох аплеть примен на этрется
era_vene_02_606-607.xml,era_vene_02_606-607,tr_2_tl_7,562,960,1230,135,"и говорит царю: ""Дай мне немно-",и говгрит царые: Дой лени
era_vene_02_606-607.xml,era_vene_02_606-607,tr_2_tl_8,542,1042,1245,102,"го похмелиться, много не давай"". Царь","го почмемерны, ибавай."
era_vene_02_606-607.xml,era_vene_02_606-607,tr_2_tl_9,542,1119,1250,155,вынес ему рюмку и дал. Он выпил,Лине емуримку и дал. Он выч
era_vene_02_606-607.xml,era_vene_02_606-607,tr_2_tl_10,542,1239,1250,107,и принес со двора щепок да шуми,и приние содлена идеда муми
era_vene_02_606-607.xml,era_vene_02_606-607,tr_2_tl_11,542,1305,1228,117,и стал складывать щепки в кучу,и стал скодывать мрепки в ку
era_vene_02_606-607.xml,era_vene_02_606-607,tr_2_tl_12,552,1387,1228,115,и вышел лебедь. Он сел и полетел.,ге вышия лебидь. Он сея и и �пололбеля
era_vene_02_606-607.xml,era_vene_02_606-607,tr_2_tl_13,544,1471,1249,143,"Пока он летал, вто время пришел","Пока он лежая, вта врима прич"
era_vene_02_606-607.xml,era_vene_02_606-607,tr_2_tl_14,552,1555,1227,140,золотой мастер и он прилетел.,залткимаетир и ипримется
era_vene_02_606-607.xml,era_vene_02_606-607,tr_2_tl_15,565,1659,1184,118,Золотой мастер вынул три,Золотой мистер вниза тры
era_vene_02_606-607.xml,era_vene_02_606-607,tr_2_tl_16,556,1718,1236,131,"рыбины золотые, но живые. Царь","Грывины золожне, но мивлие."
era_vene_02_606-607.xml,era_vene_02_606-607,tr_2_tl_17,556,1839,1236,102,"сказал: ""Всетаки он сделал из щепы",сказал. Фытани он дляга
era_vene_02_606-607.xml,era_vene_02_606-607,tr_2_tl_18,557,1899,1215,136,"живого лебедя"". Царь дал рястанцу",оливно мендым Царь дал фястамцу
era_vene_02_606-607.xml,era_vene_02_606-607,tr_3_tl_2,1989,454,1215,120,150 рублей и тот взял и остался,порублей и тот вряял и остался
era_vene_02_606-607.xml,era_vene_02_606-607,tr_3_tl_3,1977,534,1286,143,у него. Царь поставил лебедя на бал-,гу неса Царь поставлия леда набся
era_vene_02_606-607.xml,era_vene_02_606-607,tr_3_tl_4,1982,639,1278,97,кон и у царя родился сын и этот,Нон и из цары подими смность
era_vene_02_606-607.xml,era_vene_02_606-607,tr_3_tl_5,1977,704,1319,134,лебедь уже сотлел и он позвал опять,ледедь дане стока и он позваятой
era_vene_02_606-607.xml,era_vene_02_606-607,tr_3_tl_6,1992,807,1307,120,рястанца и говорит ему: «Сделай,ражанца и иговориж ему. Сделай
era_vene_02_606-607.xml,era_vene_02_606-607,tr_3_tl_7,1977,874,1286,99,мне лебедя с железа». И он сделал.,смне меды с оница. И Индей
era_vene_02_606-607.xml,era_vene_02_606-607,tr_3_tl_8,2004,965,1249,113,Царь опять поставил его на бал,Изара оплатитавлия мо набая
era_vene_02_606-607.xml,era_vene_02_606-607,tr_3_tl_9,1991,1057,1265,110,"кон, а царский сын играл на бал-","нон, а Царский сый мпрая на бал-"
era_vene_02_606-607.xml,era_vene_02_606-607,tr_3_tl_10,1982,1141,1245,128,коне и окно было просто открыто. Он уви-,ноне м онно вышо проста. Онуми
era_vene_02_606-607.xml,era_vene_02_606-607,tr_3_tl_11,1991,1218,1224,128,"дал лебедя сел и полетел. Летел,","дал мбеды сея и полеты. Гетел,"
era_vene_02_606-607.xml,era_vene_02_606-607,tr_3_tl_12,1974,1312,1253,107,"летел и сам не знает, куда ле-","летел м сам незнает, пуда ме"
era_vene_02_606-607.xml,era_vene_02_606-607,tr_3_tl_13,1974,1391,1244,110,"тит. Не знает, куда спуститься","жит. Назнает, куда спустится"
era_vene_02_606-607.xml,era_vene_02_606-607,tr_3_tl_14,1977,1479,1284,129,и вот он летел уже над морем,и кот он лежел чарма назмерми
era_vene_02_606-607.xml,era_vene_02_606-607,tr_3_tl_15,1964,1585,1284,105,"и нашел под крылом лебедя кнопку,",и нашия огод крном лида кости
era_vene_02_606-607.xml,era_vene_02_606-607,tr_3_tl_16,1974,1667,1286,90,стал нажимать и стал спускаться,стая нажимарь и стол спустратресту
era_vene_02_606-607.xml,era_vene_02_606-607,tr_3_tl_17,1953,1737,1247,132,и спустился на берег моря в лес.,М спустиюся на нереп мора в ми
era_vene_02_606-607.xml,era_vene_02_606-607,tr_3_tl_18,1971,1828,1289,125,Он взял лебедя и пошел по тропин-,Он взыо манда и помел то тренин-
era_vene_02_606-607.xml,era_vene_02_606-607,tr_3_tl_19,1977,1908,1283,122,"ке. Шел, шел и пришел к домику,","не. Имеля, ипришел к бамад"
era_vene_02_606-607.xml,era_vene_02_606-607,tr_3_tl_20,1977,1984,1177,115,вышел. Там жил старик.,вышая. Там еския старич.
era_vene_05_166-167.xml,era_vene_05_166-167,l_1,1719,456,15,31,,ил.
era_vene_05_166-167.xml,era_vene_05_166-167,l,415,418,1319,42,,зНИ мерь эта кзу
era_vene_05_166-167.xml,era_vene_05_166-167,tr_1_tl_4,373,434,1303,113,ли купить имение. У них было,ли купить имение. у тис Гыло
era_vene_05_166-167.xml,era_vene_05_166-167,tr_1_tl_5,390,534,1327,126,"два сына, с детства жили по","зва сыпй, с и детстволжим по"
era_vene_05_166-167.xml,era_vene_05_166-167,tr_1_tl_7,438,616,1290,140,"людам. Купили имение, старуха",мозля. Кутим плише сторуж
era_vene_05_166-167.xml,era_vene_05_166-167,tr_1_tl_8,397,701,1334,134,"послала старика на конюшню,",посиаля старика по кона ино
era_vene_05_166-167.xml,era_vene_05_166-167,tr_1_tl_9,424,790,1293,127,а сама присвоила хлопца жить.,а сама привашия клотца жи
era_vene_05_166-167.xml,era_vene_05_166-167,tr_1_tl_11,421,869,1283,133,К старику начали летать голу-,К сторику погали летать пои
era_vene_05_166-167.xml,era_vene_05_166-167,tr_1_tl_13,417,958,1290,154,"би. Жена говорит, надо зарезать.",би. Дсета говорит падо зарезебк
era_vene_05_166-167.xml,era_vene_05_166-167,tr_1_tl_15,421,1054,1286,130,"А это прилетали дети, чувство-",А это приметом дети пу
era_vene_05_166-167.xml,era_vene_05_166-167,tr_1_tl_17,428,1132,1214,151,"вали, что мученье старику.","вали, то мучетьс старику"
era_vene_05_166-167.xml,era_vene_05_166-167,tr_1_tl_19,448,1221,1269,141,"Старуха приказывает: ""Надо сло-",Старпрха триказывает кадо сти
era_vene_05_166-167.xml,era_vene_05_166-167,tr_1_tl_21,458,1303,1277,165,"вить, сжарить, сесть!"" Старик","вить, ожарных сесть стари"
era_vene_05_166-167.xml,era_vene_05_166-167,tr_1_tl_23,455,1403,1266,137,сказал сыновьям. А они прино-,сказал сыповьям. А эти прит
era_vene_05_166-167.xml,era_vene_05_166-167,tr_1_tl_25,472,1492,1235,140,"сили ему пищу. Ну, старик","ости ему тиц. Ну, старж"
era_vene_05_166-167.xml,era_vene_05_166-167,tr_1_tl_27,469,1564,1252,140,достал простых голубей пару,достом просинк полубел пор
era_vene_05_166-167.xml,era_vene_05_166-167,tr_1_tl_29,469,1659,1248,141,держал при себе. А старухе,держал при себе и сторух
era_vene_05_166-167.xml,era_vene_05_166-167,tr_1_tl_32,452,1735,1289,150,"чародей сказал, что если этих голубей","пародей ехазан, что цик гому"
era_vene_05_166-167.xml,era_vene_05_166-167,tr_1_tl_34,458,1830,1287,154,"сварить, крылья бролить на ко-","оварить, крышь брость по ко"
era_vene_05_166-167.xml,era_vene_05_166-167,tr_1_tl_36,438,1916,1170,120,"тору-то сторону, то она","тору. то стополу, это оно"
era_vene_05_166-167.xml,era_vene_05_166-167,tr_1_tl_38,455,2015,1276,116,помолодеет. А старуха знала,томолодеет. А сторуха зном
era_vene_05_166-167.xml,era_vene_05_166-167,tr_1_tl_40,448,2090,1098,171,что это сновья...,пто жо сыповьх.
era_vene_05_442-443.xml,era_vene_05_442-443,tr_1_tl_7,435,741,1265,106,Было у мучика в сына. Парни,Было у лизника в смке Гарни
era_vene_05_442-443.xml,era_vene_05_442-443,tr_1_tl_9,387,815,1333,131,были оба дюжие могутные. Стали,были оба дивые могриние. ей ий
era_vene_05_442-443.xml,era_vene_05_442-443,tr_1_tl_11,385,903,1402,127,она богатство делить и поссорились,они байство делить и ичестрими
era_vene_05_442-443.xml,era_vene_05_442-443,l_1,398,983,1389,139,"дюже. Младший, Васильем овали – ушел",дерне. млазимы Растлых вали- уши
era_vene_05_442-443.xml,era_vene_05_442-443,tr_1_tl_14,405,1076,1325,121,из дома. Сказал только брату:,иц дома. Скимыхо драй
era_vene_05_442-443.xml,era_vene_05_442-443,tr_1_tl_16,399,1135,1351,146,"""гляди, когда чашечка кровью напо-",гловди кода гомечка прово нения
era_vene_05_442-443.xml,era_vene_05_442-443,tr_1_tl_18,375,1220,1359,130,"лнится, то значит, мне смерть",-Лнейщ ийо внечий лне слелегорый
era_vene_05_442-443.xml,era_vene_05_442-443,tr_1_tl_20,398,1308,1309,129,"настунает."" А чашечку-то эту",каетучаей. амечку ию эвту
era_vene_05_442-443.xml,era_vene_05_442-443,tr_1_tl_22,394,1379,1395,141,"им как-то старик-колдун дал, на",гл. вак-сто старик колгун дая н.
era_vene_05_442-443.xml,era_vene_05_442-443,tr_1_tl_24,382,1467,1343,101,охоте они его встренули. И на,онойя они его вайдений и на
era_vene_05_442-443.xml,era_vene_05_442-443,tr_1_tl_26,382,1554,1336,123,"божницу, к иконы чашечку эту",бынищ к иконым гашечку
era_vene_05_442-443.xml,era_vene_05_442-443,tr_1_tl_28,398,1635,1246,88,"приказал поставить. Вот,",пракажай имавший. Вой
era_vene_05_442-443.xml,era_vene_05_442-443,tr_1_tl_30,396,1709,1347,124,"поехал Василий из дома, ехал",грекам Вастий изоме скал
era_vene_05_442-443.xml,era_vene_05_442-443,tr_1_tl_32,403,1803,1352,92,"ехал, глядь горой стоит. Приехал",екал. глить говой стий. крыектил
era_vene_05_442-443.xml,era_vene_05_442-443,tr_1_tl_34,387,1863,1377,140,"он в город, а там все в черном",он горой а ийам вля в черном
era_vene_05_442-443.xml,era_vene_05_442-443,tr_1_tl_36,382,1950,1246,127,ходят и весе город черной,ходат и весь горой черной
era_vene_05_442-443.xml,era_vene_05_442-443,tr_1_tl_38,378,2022,1338,152,материей – холстом обтянули.,марержей- колйствый ойшнули
era_vene_05_442-443.xml,era_vene_05_442-443,tr_1_tl_3,1806,456,1423,175,"Подивился Васимий, одного спраши-","Подивимия Вастий, кение сй ирани"
era_vene_05_442-443.xml,era_vene_05_442-443,tr_1_tl_5,1847,597,1290,117,"вать стал, что, мол, такое у","велть смаю, Гийол жакое у"
era_vene_05_442-443.xml,era_vene_05_442-443,l_3,1810,672,1389,136,них деется. И рассказали,ния дитщ. И расскалели влу
era_vene_05_442-443.xml,era_vene_05_442-443,tr_1_tl_8,1813,767,1386,78,"в этом городу, что змей шести-","в жбом горору, ийо змей шеский"
era_vene_05_442-443.xml,era_vene_05_442-443,tr_1_tl_10,1829,832,1356,122,главый прилетел и всех людей,"лавый, крымим и всех ладей"
era_vene_05_442-443.xml,era_vene_05_442-443,tr_1_tl_12,1822,917,1250,121,па одному ест. И что царь,жа авному ест. И гро царь
era_vene_05_442-443.xml,era_vene_05_442-443,l_2,1824,992,1370,111,теперь с дочерями прощается,йшерь о дтерами авацаетие
era_vene_05_442-443.xml,era_vene_05_442-443,tr_1_tl_15,1817,1094,1398,111,я потому весь город черным,а истому веев горей грный
era_vene_05_442-443.xml,era_vene_05_442-443,tr_1_tl_17,1812,1149,1389,97,"одели. Засмелел Василий – ""пойду,",адней. Рамения Ваеплий- пой
era_vene_05_442-443.xml,era_vene_05_442-443,tr_1_tl_19,1813,1237,1312,90,"говорит, змея убивать, чтоб","говжий, эмия уриветь чей"
era_vene_05_442-443.xml,era_vene_05_442-443,tr_1_tl_21,1829,1303,1374,134,"не ел народу крещеного"". Стали",не Гей нараз крещенто ейчали
era_vene_05_442-443.xml,era_vene_05_442-443,tr_1_tl_23,1824,1393,1393,141,"его уговаривать. Он, говорят, таких","его уговаравать. Он, годий ранах"
era_vene_05_442-443.xml,era_vene_05_442-443,tr_1_tl_25,1808,1481,1275,122,как ты десять с одного разу,чак ими- деавть а абного раж
era_vene_05_442-443.xml,era_vene_05_442-443,tr_1_tl_27,1812,1557,1352,113,"проглотит. “Ничего, Василий говорит,","прылитий, ничего, Васими гова"
era_vene_05_442-443.xml,era_vene_05_442-443,tr_1_tl_29,1790,1644,1307,95,одным подавится. Отдала,зным ибанийщ. Ощали
era_vene_05_442-443.xml,era_vene_05_442-443,tr_1_tl_31,1813,1718,1333,108,"царевну змею на прожирение,",Савевну змего на ирожирение
era_vene_05_442-443.xml,era_vene_05_442-443,tr_1_tl_33,1826,1812,1279,92,"идет она, бедная, в часовенке","годей вна, о обная в чаственже"
era_vene_05_442-443.xml,era_vene_05_442-443,tr_1_tl_35,1796,1886,1382,134,"когда к ей эмей прилетит, есть","ктра к сй эмей арилетий, есеств"
era_vene_05_442-443.xml,era_vene_05_442-443,tr_1_tl_37,1796,1953,1338,143,ее будет. А Василий уж тут,со Зудей Д Васими ий узы кай
era_vene_05_442-443.xml,era_vene_05_442-443,tr_1_tl_39,1796,2036,1281,140,как тут только это змей,нак ийщий Талко очи змей
era_vene_06_380-381.xml,era_vene_06_380-381,l,325,456,1375,164,"в рот, а то проглочу"". А рот",в вой а иго ирагначчд. д. Рай
era_vene_06_380-381.xml,era_vene_06_380-381,l_1,324,552,1399,145,в ей страшной – пламя с няво,в ей страшной-аламие с няв н.
era_vene_06_380-381.xml,era_vene_06_380-381,l_2,320,645,1389,165,так и вырываетца. Што делать,голь и вырывестца. Имо диму
era_vene_06_380-381.xml,era_vene_06_380-381,l_3,322,744,1376,175,"""Не, говорить, не могу"". ""Ну, я","Не, отврий номны. изей"
era_vene_06_380-381.xml,era_vene_06_380-381,l_4,311,838,1398,158,"говорить, стволиной, исделалось, ",Дорить смвомной ческла
era_vene_06_380-381.xml,era_vene_06_380-381,l_5,322,922,1394,145,"а ты дуни"". Исделалась змея",а мы дуни с кержалесь злий
era_vene_06_380-381.xml,era_vene_06_380-381,l_6,315,1003,1397,107,стволиной и ен в этую стволину,ствалимей и иен в ничо стами
era_vene_06_380-381.xml,era_vene_06_380-381,l_7,332,1080,1384,162,дунул и сразом все стал пони-,зущи и срагом вое сейстий гием
era_vene_06_380-381.xml,era_vene_06_380-381,l_8,320,1174,1383,100,мать. А змея говор: «За што,Мать И змля поврый и. За су
era_vene_06_380-381.xml,era_vene_06_380-381,l_9,307,1258,1413,158,ты такой боязливый был  - даю,Ти итени наезливай выч- дам
era_vene_06_380-381.xml,era_vene_06_380-381,l_10,320,1342,1394,163,тебе ума наполовину. А целый,Тив дма неполоващ. а дин
era_vene_06_380-381.xml,era_vene_06_380-381,l_11,313,1425,1405,161,"ум будя, если сделаешь гроб, и",Уле бушие вели сучаеть чраба
era_vene_06_380-381.xml,era_vene_06_380-381,l_12,309,1512,1305,158,положишь в этот гроб свою,голожить в вией проб свого
era_vene_06_380-381.xml,era_vene_06_380-381,l_13,320,1593,1308,134,прыслугу. А в гробе акошечко,гриемущ. Д. в фове акшегкич
era_vene_06_380-381.xml,era_vene_06_380-381,tr_1_tl_17,320,1668,1385,114,исделай штоп яну кармить.,жезалей ину кермить.
era_vene_06_380-381.xml,era_vene_06_380-381,tr_1_tl_19,331,1746,1380,129,Поставь этот грой ночью на,Претавь дий граб ныго не
era_vene_06_380-381.xml,era_vene_06_380-381,l_14,316,1830,1395,143,"посередные дворе, лицом к луне.","глоезведине двода, лицом к лугуж"
era_vene_06_380-381.xml,era_vene_06_380-381,tr_1_tl_23,320,1929,1335,139,"Ня бойси, я с его ницова ня","Ня вомси, ио низова нля"
era_vene_06_380-381.xml,era_vene_06_380-381,l_15,1764,450,1421,181,"сделою"". Ен все так и сделал.",сдиголён во глах и сезмом.
era_vene_06_380-381.xml,era_vene_06_380-381,l_16,1759,570,1333,124,Прыслугу тихонько ночью в,Прыслуйшиканию ночно в
era_vene_06_380-381.xml,era_vene_06_380-381,l_17,1752,658,1435,109,"гроб заколотил, акошечко исделал",гров заколойши акошечко исти
era_vene_06_380-381.xml,era_vene_06_380-381,l_18,1762,745,1418,170,и снес посередине двора лицом,к лней игозрение дво пригричи
era_vene_06_380-381.xml,era_vene_06_380-381,l_19,1752,844,1428,139,"к Лунье. Змей ночью прылетел,",Слуны. Змей нового ийщиго
era_vene_06_380-381.xml,era_vene_06_380-381,l_20,1748,924,1375,148,гроб увидел и сразом этую,грав увиза а фесом ойщо
era_vene_06_380-381.xml,era_vene_06_380-381,l_21,1768,1006,1305,154,прырлугу съел. Ен всягда,бомащиз оченным вапрости
era_vene_06_380-381.xml,era_vene_06_380-381,l_22,1786,1071,1385,157,молодых женщщын прожирал.,Молазвих женшин прочий
era_vene_06_380-381.xml,era_vene_06_380-381,l_23,1755,1164,1323,128,Научил ен этаева Брюса,Наугил ен очиеме брный
era_vene_06_380-381.xml,era_vene_06_380-381,l_24,1768,1242,1290,170,ахотника всяким разным,аказника выжи волным
era_vene_06_380-381.xml,era_vene_06_380-381,l_25,1768,1323,1396,164,"волшебствам и все, все яму",воймебством о вее вся яму
era_vene_06_380-381.xml,era_vene_06_380-381,l_26,1757,1416,1307,157,на свети аткрыл. В няво,на свеми аликрыч. В н.
era_vene_06_380-381.xml,era_vene_06_380-381,l_27,1752,1505,1394,157,жернова сами по себе муку,жернова семи гло сове мупу
era_vene_06_380-381.xml,era_vene_06_380-381,l_28,1766,1587,1405,142,"мололи, дым али агонь умел",Моломи дым ачень ула
era_vene_06_380-381.xml,era_vene_06_380-381,tr_1_tl_18,1770,1677,1397,107,делать и мертвых о това,делать и мершвых о ийстова
era_vene_06_380-381.xml,era_vene_06_380-381,tr_1_tl_20,1793,1759,1251,118,света звал и яны к яму,света эвал и лни к я му
era_vene_06_380-381.xml,era_vene_06_380-381,l_29,1770,1834,1338,143,приходили. Во как шишок,Иваходим. Во как ичишк
era_vene_06_380-381.xml,era_vene_06_380-381,tr_1_tl_22,1768,1923,1435,151,"надоумил. Говорят, эта все правду было.","Назпумим Соврет, фа ксе праву была"
era_vene_07_126-127.xml,era_vene_07_126-127,tr_2_tl_1,581,488,1133,151,Он велел его призвать. Наконся перед,Он быкл. ию физваты. ч. Несоску перся
era_vene_07_126-127.xml,era_vene_07_126-127,tr_2_tl_2,581,639,1248,128,"ним стоял мудрец, он говорил: “Здесь",чим отсял мудрик оповрач десь
era_vene_07_126-127.xml,era_vene_07_126-127,tr_2_tl_4,629,719,1205,136,я передаю тебе золотого петуха. Ты его посади,А перфио тей прека бы но шазнух
era_vene_07_126-127.xml,era_vene_07_126-127,tr_2_tl_5,609,818,1091,132,на спицу. Когда все кругом будет,на стизу. Ногда все оругом будажны
era_vene_07_126-127.xml,era_vene_07_126-127,tr_2_tl_6,632,896,1129,127,"мирно, то петуток будай сидеть","мабрна, нетухах бузат скдоть"
era_vene_07_126-127.xml,era_vene_07_126-127,tr_2_tl_7,631,1001,1202,113,совершенно смирно. Но лишь тебя будет,соверченносмирна. Ра мать ти прубы
era_vene_07_126-127.xml,era_vene_07_126-127,tr_2_tl_8,595,1093,1136,124,"ожидать война, или какая-нибудь",осподать война ичи какая модудь
era_vene_07_126-127.xml,era_vene_07_126-127,tr_2_tl_9,615,1187,1241,119,"бранная сила, то петушок обернется","Пралная сма, пов пеприюх оберостся"
era_vene_07_126-127.xml,era_vene_07_126-127,tr_2_tl_10,612,1278,1251,102,"в это место, откуда будет тебе","б лто место, отказа Пузей т табе"
era_vene_07_126-127.xml,era_vene_07_126-127,tr_2_tl_11,597,1372,1268,116,"угрожать опасность"". Царь поблагода-",угракать ипласностов. Чдарь побчатади
era_vene_07_126-127.xml,era_vene_07_126-127,tr_2_tl_12,615,1452,1235,136,рил мудреца за совет. Он обещал,рыл мудреца а авач. Ой оп.
era_vene_07_126-127.xml,era_vene_07_126-127,tr_2_tl_13,609,1544,1224,108,исполнить первую его волю как свою.,шестелить первезо Сго врепо ках
era_vene_07_126-127.xml,era_vene_07_126-127,tr_2_tl_14,626,1637,1191,111,И вот с этих пор уже соседи при-,И вот С амих пор ужа сосфа при-
era_vene_07_126-127.xml,era_vene_07_126-127,tr_2_tl_15,644,1710,1175,143,"смерели, уже не хотели воевать.","смерем, уже и котелы воевать"
era_vene_07_126-127.xml,era_vene_07_126-127,tr_2_tl_16,641,1812,1158,140,Вот  петушок опять забился,Вот рао нетучиск оприль забался
era_vene_07_126-127.xml,era_vene_07_126-127,tr_2_tl_17,626,1894,1251,136,на спице: он поворотился на всею,на спице сх повортился са воо
era_vene_07_126-127.xml,era_vene_07_126-127,tr_2_tl_18,604,1992,1283,140,Оарь шлет туда войско под предводи-,Прарь имен мура войскос предодод
era_vene_07_126-127.xml,era_vene_07_126-127,tr_2_tl_19,600,2100,1292,132,тельством старшего сына. Наконец все,тель стовам таршего смих. Ганка в.
era_vene_07_126-127.xml,era_vene_07_126-127,tr_3_tl_2,1950,532,1297,128,"угомонилось, и царо забылся. Прошло восемь","ралижаюсь, и и. ибыча. Ромо весска"
era_vene_07_126-127.xml,era_vene_07_126-127,tr_3_tl_3,1974,617,1246,134,дней. Он войска нет вестей. Петушок опять,т. От выхски исмей. итепорностить
era_vene_07_126-127.xml,era_vene_07_126-127,tr_3_tl_4,1965,700,1297,152,кричит. Царь послал тогда меньшего сына,фост. Нарь посляя пода мечанных
era_vene_07_126-127.xml,era_vene_07_126-127,tr_3_tl_5,2038,804,1207,126,с ратью. Опять прошло восемь дней. Опять,развы. Ольны прочьмо воссель знай вплят
era_vene_07_126-127.xml,era_vene_07_126-127,tr_3_tl_6,1964,891,1365,143,петушок кричит. Царь сам склинает третью,подных сросмы. ирь спры Сомсческост преть
era_vene_07_126-127.xml,era_vene_07_126-127,tr_3_tl_7,1948,979,1292,145,"рать, и ведет ее к востоку. Много","Мать, и водж. и свостосу. Мны"
era_vene_07_126-127.xml,era_vene_07_126-127,tr_3_tl_8,1980,1062,1228,135,дней и ночей шло войска. Уже восемь,дней пой илы войска вых
era_vene_07_126-127.xml,era_vene_07_126-127,tr_3_tl_9,1984,1164,1170,125,дней прошло. Царь вводит войско в,рий проима изарь вводны вых
era_vene_07_126-127.xml,era_vene_07_126-127,tr_3_tl_10,1994,1250,1176,125,высокие горы. Он видит посреди гор,высокие лоры. вы визных пости
era_vene_07_126-127.xml,era_vene_07_126-127,tr_3_tl_11,1999,1334,1268,152,"шатер. Вокруг него лежит побитая рать,","шататф. Рого ласат повать раты,"
era_vene_07_126-127.xml,era_vene_07_126-127,tr_3_tl_12,1994,1436,1166,145,"два сына, меч вонзившие дру в друга.","дова смка, мен вызавмие пру в фуча"
era_vene_07_126-127.xml,era_vene_07_126-127,tr_3_tl_13,1989,1528,1183,124,И царь тяжко заплакал: а за ним,П зав трыхо чамсом. Гы мим
era_vene_07_126-127.xml,era_vene_07_126-127,tr_3_tl_14,1962,1612,1285,134,"вся рать. Воруг шатер распахнулся,","вся рать. Зеруч ичар ресках пулася,"
era_vene_07_126-127.xml,era_vene_07_126-127,tr_3_tl_15,1974,1697,1287,156,и оттуда вышла шамаханская цари-,отсуда вышла ичалахсоческия зам
era_vene_07_126-127.xml,era_vene_07_126-127,tr_3_tl_16,1980,1804,1211,126,"ца, она была очень красивая. Она","ца, опа бым ивна краживая."
era_vene_07_126-127.xml,era_vene_07_126-127,tr_3_tl_17,1986,1901,1164,124,"его зовет в шатер, там она его",о эвот в ипатер нам чта оча
era_vene_07_126-127.xml,era_vene_07_126-127,tr_3_tl_18,1982,1975,1292,133,"поит всякими явствами, потом укла-","пому ажими лвствами, почеле дай"
era_vene_07_126-127.xml,era_vene_07_126-127,tr_3_tl_19,1974,2067,1295,128,дывает его спять на парчевую кровать.,устваст со спать па поргевры атить
era_vene_08_210-211.xml,era_vene_08_210-211,tr_2_tl_3,388,575,1226,102,Жил дед и баба. У jих было две,Жидези бобы. 4 зих бый чи
era_vene_08_210-211.xml,era_vene_08_210-211,tr_2_tl_4,388,665,1206,116,доцьке у деда и у бабки. И баба,доций удер и у бобк. и бый
era_vene_08_210-211.xml,era_vene_08_210-211,tr_2_tl_5,381,739,1286,111,дедову доцьку не взлюбила. Так раз,дезну дизый не вриймы. Тик ру
era_vene_08_210-211.xml,era_vene_08_210-211,tr_2_tl_6,393,824,1314,125,"jана и говори “дед, токи баину!","ми и говры, деф, тий байсту"
era_vene_08_210-211.xml,era_vene_08_210-211,tr_2_tl_7,388,908,1261,113,"Дед стопил, сам сходил, потом","Рад сполин, сам слеждлий кай"
era_vene_08_210-211.xml,era_vene_08_210-211,tr_2_tl_8,388,986,1348,122,"баба сходила, а потом доцьки пошли.","бобы сходим, апри дрики иший"
era_vene_08_210-211.xml,era_vene_08_210-211,tr_2_tl_9,388,1072,1261,92,Подом пришли jани с байны за,"Порак прием рык с байны,"
era_vene_08_210-211.xml,era_vene_08_210-211,tr_2_tl_10,388,1148,1348,92,а баба то и говори дедовой доцьке:,а баба ий и говри дезовой дный
era_vene_08_210-211.xml,era_vene_08_210-211,tr_2_tl_11,402,1228,1332,116,"“Маша, сбегай ка за моей рубахой","Мама, обески ка и рмей рубласско"
era_vene_08_210-211.xml,era_vene_08_210-211,tr_2_tl_12,399,1312,1322,127,в байну! Воз jана пришла… Только,А блину Выз рабы праший
era_vene_08_210-211.xml,era_vene_08_210-211,tr_2_tl_13,388,1392,1284,109,двери-то открыла - вошла в байну,двержа отирми вашей в банту
era_vene_08_210-211.xml,era_vene_08_210-211,tr_2_tl_14,393,1478,1295,108,а там-то гряхи парюца.,атат по сраки нарноцазнарягу.
era_vene_08_210-211.xml,era_vene_08_210-211,tr_2_tl_15,390,1552,1317,122,И говори яна: “молодцы хорошие,"Ченнорт мий, молпруп хормые"
era_vene_08_210-211.xml,era_vene_08_210-211,tr_2_tl_16,381,1631,1330,135,"подайте мне матушкину рубашку"".",поотце мыс мажкиз прай
era_vene_08_210-211.xml,era_vene_08_210-211,tr_2_tl_17,386,1714,1327,126,"А яны то и говоря: “девица красная,",Нан то иголгор. чдевщи. сроста
era_vene_08_210-211.xml,era_vene_08_210-211,tr_2_tl_18,393,1797,1177,110,"та сама войдешь!"" и яна и",ты соми войдёть и янс и
era_vene_08_210-211.xml,era_vene_08_210-211,tr_2_tl_19,397,1882,1303,125,вошла в байну. Цот подходят ней,вгтич вбыйну. вой позхкарний
era_vene_08_210-211.xml,era_vene_08_210-211,tr_2_tl_20,402,1954,1330,103,такой кривой грея-самы старшы.,такт кривой фич сёми стармы
era_vene_08_210-211.xml,era_vene_08_210-211,tr_2_tl_21,402,2037,1092,125,А девица то красивая была.,И девща мо крайсивал бый
era_vene_08_210-211.xml,era_vene_08_210-211,tr_3_tl_2,1825,464,1274,144,“Девица-красавица за мяня замуж,Близмерновира замие празрмуже
era_vene_08_210-211.xml,era_vene_08_210-211,tr_3_tl_3,1820,568,1300,106,"пойдешь ли?"" “Та меня снаряди",пойзить ми ип. мепр шармуй
era_vene_08_210-211.xml,era_vene_08_210-211,tr_3_tl_4,1834,646,1307,118,прежь. Я босая и голая. Мне приняси,прень А блей и ические ириний
era_vene_08_210-211.xml,era_vene_08_210-211,tr_3_tl_5,1836,725,1281,115,"дюжину рубашек, да две юбки, при-","днохный нубашис фазва ити, ири"
era_vene_08_210-211.xml,era_vene_08_210-211,tr_3_tl_6,1820,827,1282,83,няси мне два полушубка да полса-,наей мне ды нагуробка да и кома
era_vene_08_210-211.xml,era_vene_08_210-211,tr_3_tl_7,1815,900,1245,119,пожки. Приедь на доброй лошади,поти приц ни дбрай лбназм
era_vene_08_210-211.xml,era_vene_08_210-211,tr_3_tl_8,1836,981,1415,128,"и санки хорошие и бубенцы,",исани ипрмые и тарки бубрентр.
era_vene_08_210-211.xml,era_vene_08_210-211,tr_3_tl_9,1825,1060,1237,118,штоб к папи поехать. Тогда три,ный к ими ическать ту при
era_vene_08_210-211.xml,era_vene_08_210-211,tr_3_tl_10,1833,1134,1305,111,"разу объедем вкруг яво двора"". Так",Тру общим верграво звр. Той
era_vene_08_210-211.xml,era_vene_08_210-211,tr_3_tl_11,1838,1215,1367,125,и было. Тольки пока jаны обязжали,нбний Томки имка дазварай
era_vene_08_210-211.xml,era_vene_08_210-211,tr_3_tl_12,1825,1303,1244,117,пробило три цяса - петух,прыбимо три часл-паруп препуй
era_vene_08_210-211.xml,era_vene_08_210-211,tr_3_tl_13,1831,1388,1234,88,"прокрицял, няцистый провалился,","прокриции, нлегрий ирывами"
era_vene_08_210-211.xml,era_vene_08_210-211,tr_3_tl_14,1825,1455,1244,109,а девушка со всем богатством,а дебраст со вам богайством
era_vene_08_210-211.xml,era_vene_08_210-211,tr_3_tl_15,1833,1536,1331,147,осталось одна на свободе. ,ититаль при на глабазе рыбу
era_vene_12_138-139.xml,era_vene_12_138-139,tr_1_tl_2,521,455,1219,149,третья черяда пришла. Ва-,Третья череда приши
era_vene_12_138-139.xml,era_vene_12_138-139,tr_1_tl_3,478,554,1223,95,нюше самому. Вот полночью,нше самомз Вот полного
era_vene_12_138-139.xml,era_vene_12_138-139,tr_1_tl_4,489,635,1262,132,"тятя яво и спрашивае: ""Поче-","тятя аво и и спранивае, поге."
era_vene_12_138-139.xml,era_vene_12_138-139,tr_1_tl_5,484,717,1295,131,му ня ходю Гриша да Миша,"из ня кодю Грима да Гиние,"
era_vene_12_138-139.xml,era_vene_12_138-139,tr_1_tl_6,482,800,696,121,"я все ты ходишь?""",ол все тыходимь!
era_vene_12_138-139.xml,era_vene_12_138-139,tr_1_tl_7,507,890,1220,101,"""Да яни боятся и ня хочут",Фа гни болжа и ня косуть
era_vene_12_138-139.xml,era_vene_12_138-139,tr_1_tl_8,495,966,997,98,"тябя, тятя, караулить"".","тябы тятя, кадаулить"
era_vene_12_138-139.xml,era_vene_12_138-139,tr_1_tl_9,524,1052,1163,115,"Тогда отец и говори: ""Коли","Тогда отец и повори, Коли"
era_vene_12_138-139.xml,era_vene_12_138-139,tr_1_tl_10,489,1138,1224,91,"ето так, то вот тябя от",ето так то вот тяба оти
era_vene_12_138-139.xml,era_vene_12_138-139,tr_1_tl_11,482,1222,1261,120,мяня подарок конь Сивка-Бур-,меня подарок конь Сивка- Бу
era_vene_12_138-139.xml,era_vene_12_138-139,tr_1_tl_12,482,1298,1237,125,ка-вещая каюрка. Коль тябе,Но-вещая кодорпа. Ком тябе
era_vene_12_138-139.xml,era_vene_12_138-139,tr_1_tl_13,489,1381,1285,126,што надо буде махни платком,што надо брор моми пларка
era_vene_12_138-139.xml,era_vene_12_138-139,tr_1_tl_14,486,1476,1272,94,да стукни комешком. К тябе,да стужи комешком. Д. тей
era_vene_12_138-139.xml,era_vene_12_138-139,tr_1_tl_15,489,1551,1303,120,и прибяжи Сивка-Бурка – вещая,ли трибени Сивка Бурка- Слицая
era_vene_12_138-139.xml,era_vene_12_138-139,tr_1_tl_16,487,1638,1230,117,каюрка; ты ей в одное ухо,"каюрка, ти ей в одны ую"
era_vene_12_138-139.xml,era_vene_12_138-139,tr_1_tl_17,489,1721,1248,118,"войди, а в друго вой выди и","войдии, а в фаро вой впди и"
era_vene_12_138-139.xml,era_vene_12_138-139,tr_1_tl_18,489,1803,1253,97,будешь те распрякрасный мо-,будени жи распряфасный
era_vene_12_138-139.xml,era_vene_12_138-139,tr_1_tl_19,486,1896,1206,93,"лодец"". Сказавши ети слова",лодщ. Сказовим ети словой
era_vene_12_138-139.xml,era_vene_12_138-139,tr_1_tl_20,502,1968,1220,91,"отся замолк, а Ваня по-","отей замом, а Ваня по-"
era_vene_12_138-139.xml,era_vene_12_138-139,tr_1_tl_21,500,2048,555,120,шел восвояси.,шел воевочки.
era_vene_12_138-139.xml,era_vene_12_138-139,tr_2_tl_1,1920,419,1190,130,В суседском царстье прослави-,В изазисом иарстве просла
era_vene_12_138-139.xml,era_vene_12_138-139,tr_2_tl_2,1876,529,1238,97,лас царска дочка и царь созвал,лась дарска дока и и � царь совал
era_vene_12_138-139.xml,era_vene_12_138-139,tr_2_tl_3,1892,609,1190,105,жанихов к ей свататься. Кто,гранинов к сёй свотатьсл. Но
era_vene_12_138-139.xml,era_vene_12_138-139,tr_2_tl_4,1941,696,1222,117,"буде самолучший, того и жени","де сомоирмей, того и �"
era_vene_12_138-139.xml,era_vene_12_138-139,tr_2_tl_5,1912,780,767,126,царь на дочке своей.,гар. на долкё своей.
era_vene_12_138-139.xml,era_vene_12_138-139,tr_2_tl_6,1934,850,1200,108,Ряшил и Ванюшка ехать. Яво,Рмил и ванника ечать. Мо
era_vene_12_138-139.xml,era_vene_12_138-139,tr_2_tl_7,1905,945,1129,128,"лошадь вперяду всех, выше",лагодж впреду всел выше
era_vene_12_138-139.xml,era_vene_12_138-139,tr_2_tl_8,1920,1025,1117,115,всех да шибче всех. И сам,всех дабы осел. и сам
era_vene_12_138-139.xml,era_vene_12_138-139,tr_2_tl_9,1909,1106,1214,121,ен красавец красавцем. Евон-,ей красовиз срагавцем вгон-
era_vene_12_138-139.xml,era_vene_12_138-139,tr_2_tl_10,1881,1198,1230,108,ная лошадь как подпрыгне,нал ложафр ком подпричне
era_vene_12_138-139.xml,era_vene_12_138-139,tr_2_tl_11,1892,1274,1247,115,к самому окну царевой дочки.,к самому онну карёвой фочки
era_vene_12_138-139.xml,era_vene_12_138-139,tr_2_tl_12,1920,1353,1191,115,Ена и поставила Ванюшку,вко и поставила Планнойщ
era_vene_12_138-139.xml,era_vene_12_138-139,tr_2_tl_13,1910,1439,1052,109,жанихом – вдавила яму,жанихом-вовала гму
era_vene_12_138-139.xml,era_vene_12_138-139,tr_2_tl_14,1904,1538,1230,95,перстнеми лоб и ен ускакал.,перетрем лоб м ёт ускакал
era_vene_12_138-139.xml,era_vene_12_138-139,tr_2_tl_15,1923,1599,1237,125,Царева дочка и говори: “Вый-,"Нарё ва фоша и чвири, Вый"
era_vene_12_138-139.xml,era_vene_12_138-139,tr_2_tl_16,1920,1685,1148,120,ду за того красавца кому,ду за тиго красавца кому
era_vene_12_138-139.xml,era_vene_12_138-139,tr_2_tl_17,1909,1758,581,128,"лоб пометила"".",лоб иометила
era_vene_12_138-139.xml,era_vene_12_138-139,tr_2_tl_18,1941,1853,1115,102,"Вярнухись братья домой,",Вернулись брамия фомой
era_vene_12_138-139.xml,era_vene_12_138-139,tr_2_tl_19,1912,1931,1207,118,а Ваня ляжи на пячи. Яму,о Вани ляги на пячи.
era_vene_12_138-139.xml,era_vene_12_138-139,tr_2_tl_20,1926,2001,1185,141,братся и говоря: “Был жа-,бротия и иборя Бли пра.
era_vene_13_636-637.xml,era_vene_13_636-637,tr_1_tl_2,418,440,1238,121,"што, когды жаниться стануть","што, когом жашиться сть"
era_vene_13_636-637.xml,era_vene_13_636-637,tr_1_tl_3,453,553,1263,123,- позвать друг дружку на свадьбу.,говать дриз оружац из сглагосту-
era_vene_13_636-637.xml,era_vene_13_636-637,tr_1_tl_4,439,633,1213,88,"Жили мы жили, вдруг один","Ненли еми нили, воруг одий"
era_vene_13_636-637.xml,era_vene_13_636-637,tr_1_tl_5,424,718,964,123,из них заболел и помер.,гиз них забачел м намер.
era_vene_13_636-637.xml,era_vene_13_636-637,tr_1_tl_6,431,804,1245,116,Задумал другой жаниться. Со-,Зпозмом другой наниться.
era_vene_13_636-637.xml,era_vene_13_636-637,tr_1_tl_7,435,880,1283,125,сватал анную девушку. Едуть,свотом ампую дегушку. пруть
era_vene_13_636-637.xml,era_vene_13_636-637,tr_1_tl_8,443,973,1173,110,вянчаться. А ехать в церкву,венноться. а кать в цергу
era_vene_13_636-637.xml,era_vene_13_636-637,tr_1_tl_9,453,1046,1227,126,надо было кут кладбища.,пого выло куле кладний
era_vene_13_636-637.xml,era_vene_13_636-637,tr_1_tl_10,463,1137,1253,106,Жаних и спомнил про умер-,Осомих и сполении про пумер-
era_vene_13_636-637.xml,era_vene_13_636-637,tr_1_tl_11,453,1227,1242,113,шева друга и говоришь сваей,неева друга к голорить сваей
era_vene_13_636-637.xml,era_vene_13_636-637,tr_1_tl_12,474,1292,1258,126,"невесты: ""посиди тута малень-",нявести: пожди припа молень-
era_vene_13_636-637.xml,era_vene_13_636-637,tr_1_tl_13,439,1392,1194,107,"ко, я скажу и товарищщу","ко, я сотсу к товарижи"
era_vene_13_636-637.xml,era_vene_13_636-637,tr_1_tl_14,453,1475,1187,80,"на могилу, попрошшаюся с","на можьну, полпом ичаюся"
era_vene_13_636-637.xml,era_vene_13_636-637,tr_1_tl_15,483,1542,1152,126,"им"". Сказал jон этое, слез с","сим. Сказден отся, слез сму с"
era_vene_13_636-637.xml,era_vene_13_636-637,tr_1_tl_16,483,1627,1224,120,коня не пошел на кладбиш-,каня и помек на кладбиш-
era_vene_13_636-637.xml,era_vene_13_636-637,tr_1_tl_17,490,1731,1159,94,ше. Иде к могилы и видя:,ше. Идё к мольслы и и.
era_vene_13_636-637.xml,era_vene_13_636-637,tr_1_tl_18,510,1801,1197,115,сидить явонов друг на ма-,сидить лвонов друг на-ма-
era_vene_13_636-637.xml,era_vene_13_636-637,tr_1_tl_19,509,1888,1068,112,"гылы и говорить: “знаю,",гылы м голприть:
era_vene_13_636-637.xml,era_vene_13_636-637,tr_1_tl_20,498,1946,1193,121,"знаю, што ты женишься.","этаю, имо пин женишься"
era_vene_13_636-637.xml,era_vene_13_636-637,tr_1_tl_21,477,2038,1191,112,"Молодец, што пришел на-","Полодец, имо пришел-на-"
era_vene_13_636-637.xml,era_vene_13_636-637,tr_2_tl_2,1861,458,1184,145,"ведыть меня"". Посидел jон ма-",веднышь мени. Пом эт-ма-
era_vene_13_636-637.xml,era_vene_13_636-637,tr_2_tl_3,1873,560,1209,108,"ленько, попрошшался с другом и","менько, попрои нался о ззругом"
era_vene_13_636-637.xml,era_vene_13_636-637,tr_2_tl_4,1855,641,1166,121,"опять пошел на дарогу, где","отешь пошен на дерощ, где"
era_vene_13_636-637.xml,era_vene_13_636-637,tr_2_tl_5,1863,738,1233,126,оставил сваю шевесту и весь,остивил еваю невесту и весь
era_vene_13_636-637.xml,era_vene_13_636-637,tr_2_tl_6,1855,804,667,124,свадебный поезд.,свадебный посод.
era_vene_13_636-637.xml,era_vene_13_636-637,tr_2_tl_7,1871,900,1150,111,"Выходя на дорогу: на, што","Ваходля на дарочу ца, иплипо"
era_vene_13_636-637.xml,era_vene_13_636-637,tr_2_tl_8,1888,984,1214,118,"это, нетути ни невесты, ни","оша, нетции ни шесты, ими"
era_vene_13_636-637.xml,era_vene_13_636-637,tr_2_tl_9,1896,1054,1163,139,поезда свадебнова. Шсто тако?,трезда свадебнава. Шпо тач
era_vene_13_636-637.xml,era_vene_13_636-637,tr_2_tl_10,1895,1132,952,134,Куды не яны делися?,Куди не мы денися.
era_vene_13_636-637.xml,era_vene_13_636-637,tr_2_tl_11,1876,1222,1110,124,"Пошел jон в свою дяревню,","Пошем д сваю длеревно,"
era_vene_13_636-637.xml,era_vene_13_636-637,tr_2_tl_12,1869,1330,1134,98,"приходя к анному дому, а","приходя к анному даму,"
era_vene_13_636-637.xml,era_vene_13_636-637,tr_2_tl_13,1879,1399,1134,113,тама на завоминки народ,тома на завалиний нород
era_vene_13_636-637.xml,era_vene_13_636-637,tr_2_tl_14,1892,1475,1198,104,собравши был. И спрасывал их:,собравми был. И спрасывая их
era_vene_13_636-637.xml,era_vene_13_636-637,tr_2_tl_15,1881,1584,1232,97,"“где мая нявеста, не видал",",годе мая илясти, ия видся"
era_vene_13_636-637.xml,era_vene_13_636-637,tr_2_tl_16,1881,1630,1180,142,"эли хто?"" а народ кругом,",ли ато? а народ пругом
era_vene_13_636-637.xml,era_vene_13_636-637,tr_2_tl_17,1896,1742,1157,102,"нак засмяется: ""кака така","нак засмения, кака та"
era_vene_13_636-637.xml,era_vene_13_636-637,tr_2_tl_18,1896,1812,1141,118,"твая нявеста, сам в молылу","твая илевеста, сам в мапылу"
era_vene_13_636-637.xml,era_vene_13_636-637,tr_2_tl_19,1874,1906,1222,104,"глядишь, дедушка, а жаниться","гладишь, дедулика, а планиться"
era_vene_13_636-637.xml,era_vene_13_636-637,tr_2_tl_20,1873,1955,1145,136,"хочишь!"" Ничаво jон не по-",ючиние Цинаво ды не но-
era_vene_13_636-637.xml,era_vene_13_636-637,tr_2_tl_21,1871,2050,1182,156,"снимая, стал рассказывать,","намая, смах рассказ повами,"
era_vene_15_134-135.xml,era_vene_15_134-135,tr_2_tl_8,678,1153,1029,95,Жил старих со старухой,Жип старих сотапрухалей
era_vene_15_134-135.xml,era_vene_15_134-135,tr_2_tl_10,490,1234,1240,105,"и была у старуки свая дачка,",ж была ку старурки свая дажа
era_vene_15_134-135.xml,era_vene_15_134-135,tr_2_tl_11,506,1321,1214,102,а у старика свая. Баба ста-,-у старина свая. Баба чта-
era_vene_15_134-135.xml,era_vene_15_134-135,tr_2_tl_12,514,1419,1242,102,рикову дачку взненавидела и,рихову дагку ваненавндела и
era_vene_15_134-135.xml,era_vene_15_134-135,tr_2_tl_13,525,1503,1221,94,паслала раз яну в байню лен,огаслала раль ину в байно ми
era_vene_15_134-135.xml,era_vene_15_134-135,tr_2_tl_14,512,1579,1257,118,прясть. Ей не хателась итти,"тристь. вине кателось исти,"
era_vene_15_134-135.xml,era_vene_15_134-135,tr_2_tl_15,519,1665,1227,104,но чтож делать. Взяла яна,но чтож делать. Выла ина
era_vene_15_134-135.xml,era_vene_15_134-135,tr_2_tl_16,519,1736,1240,122,петуна и льна и пашла в бай-,тежуна и ибна са тошла восей
era_vene_15_134-135.xml,era_vene_15_134-135,tr_2_tl_17,524,1830,1253,114,ню прясть. Сидит прядет и при-,ню прясть. Сидны трядеж и
era_vene_15_134-135.xml,era_vene_15_134-135,tr_2_tl_18,538,1911,1229,127,"ходит и ней высокий, красивый",ходит и нёй внопой краживый
era_vene_15_134-135.xml,era_vene_15_134-135,tr_2_tl_19,525,2015,1252,106,"парень, а jето был чорт. Jон",тарень а ибыл горы. чен
era_vene_15_134-135.xml,era_vene_15_134-135,tr_2_tl_20,546,2091,1255,114,"спрашивает в ей: «девица, пайдешь","спращимает в улй, девща, пой"
era_vene_15_134-135.xml,era_vene_15_134-135,tr_3_tl_1,1936,394,1204,141,за мяня гамуж?» А ана,дель ча мяния гамуж. А ана
era_vene_15_134-135.xml,era_vene_15_134-135,tr_3_tl_2,1933,509,1212,114,"сказала: ""Ну как мне ийти, у","скажа, Ну как мне лжбыч"
era_vene_15_134-135.xml,era_vene_15_134-135,tr_3_tl_3,1929,603,1228,97,"мяня нет больше ничаво, как","мияна нет больше мечаво, ках"
era_vene_15_134-135.xml,era_vene_15_134-135,tr_3_tl_4,1933,665,1256,133,"только что на теле"". Он сказал:",этолька гопо на теме. Он сподин
era_vene_15_134-135.xml,era_vene_15_134-135,tr_3_tl_5,1926,747,1299,135,"""Ну, что ты хогешь я принясу?""",Ну что этность а принасу
era_vene_15_134-135.xml,era_vene_15_134-135,tr_3_tl_6,1924,854,1270,81,Онва захатела платьев и он при-,Ина гахатила платьств и и � опри-
era_vene_15_134-135.xml,era_vene_15_134-135,tr_3_tl_7,1936,929,1240,123,нес ей два сундука. Тут пра-,не ей два супрука. Пут тра-
era_vene_15_134-135.xml,era_vene_15_134-135,tr_3_tl_8,1926,1004,1263,113,пел петушок и чорт правалил,чел жетумок и горж правани-
era_vene_15_134-135.xml,era_vene_15_134-135,tr_3_tl_9,1941,1089,1258,143,ся. Приходит утра. Она паш-,ся. Приходит пра. Дна пом-
era_vene_15_134-135.xml,era_vene_15_134-135,tr_3_tl_10,1926,1177,1271,97,"ла дамой и говорит: “Папа,","га дамый и иговориты, Пана,"
era_vene_15_134-135.xml,era_vene_15_134-135,tr_3_tl_11,1934,1256,1205,98,зопряги лошадь и вязи мае,вопряги момады и воды мос
era_vene_15_134-135.xml,era_vene_15_134-135,tr_3_tl_12,1939,1349,1239,118,дабро с байны. Он запряг и пае-,дабро обойн. Оп. капры и тае-
era_vene_15_134-135.xml,era_vene_15_134-135,tr_3_tl_13,1923,1454,1276,107,"хал. Привс дамой, а старухе",хаг. Привы дамой а старуж
era_vene_15_134-135.xml,era_vene_15_134-135,tr_3_tl_14,1926,1517,1268,125,"завидна, так что на следующую",Завадна жах гома сочедующио
era_vene_15_134-135.xml,era_vene_15_134-135,tr_3_tl_15,1928,1613,1232,110,ночь она паслала свою дачку,ноги ана тама сваль дачку
era_vene_15_134-135.xml,era_vene_15_134-135,tr_3_tl_16,1923,1691,1243,91,в байню лен прясть. Пашла,в байны нён прость. обчанима
era_vene_15_134-135.xml,era_vene_15_134-135,tr_3_tl_17,1916,1769,1299,126,"та лен прясть, а пятуна не",жа лен проть и чятупа не
era_vene_15_134-135.xml,era_vene_15_134-135,tr_3_tl_18,1933,1861,1271,115,взяла. Сидит прядет и прихо-,выла. Сидит прдеп т и �рича-
era_vene_15_134-135.xml,era_vene_15_134-135,tr_3_tl_19,1929,1950,1275,91,дит к ней опять красивыи и,дит к ной атять прраживни и
era_vene_15_134-135.xml,era_vene_15_134-135,tr_3_tl_20,1933,2035,1258,108,высокий парень и спрашива-,высокий опарена и спрашива-
